Id,Label,Tweetword,Date
1,vcu451,kindle2,Mon Apr 06 22:19:49 PDT 2009
2,chadfu,kindle2,Mon Apr 06 22:19:53 PDT 2009
3,SIX15,kindle2,Mon Apr 06 22:19:57 PDT 2009
4,yamarama,kindle2,Mon Apr 06 22:19:57 PDT 2009
5,GeorgeVHulme,kindle2,Mon Apr 06 22:20:00 PDT 2009
6,Seth937,aig,Mon Apr 06 22:20:03 PDT 2009
7,No,twitter,Mon Apr 06 22:20:00 PDT 2009
8,dcostalis,jquery,Mon Apr 06 22:20:03 PDT 2009
9,PJ_King,twitter,Mon Apr 06 22:20:05 PDT 2009
10,mandanicole,obama,Mon Apr 06 22:20:09 PDT 2009
11,jpeb,obama,Mon Apr 06 22:20:16 PDT 2009
12,kylesellers,obama,Mon Apr 06 22:20:17 PDT 2009
13,theviewfans,obama,Mon Apr 06 22:20:19 PDT 2009
14,MumsFP,nike,Mon Apr 06 22:20:19 PDT 2009
15,vincentx24x,nike,Mon Apr 06 22:20:20 PDT 2009
16,cameronwylie,lebron,Mon Apr 06 22:20:20 PDT 2009
17,luv8242,lebron,Mon Apr 06 22:20:22 PDT 2009
18,mtgillikin,lebron,Mon Apr 06 22:20:25 PDT 2009
19,ursecretdezire,lebron,Mon Apr 06 22:20:31 PDT 2009
20,Native_01,lebron,Mon Apr 06 22:20:34 PDT 2009
21,princezzcutz,lebron,Mon Apr 06 22:20:37 PDT 2009
22,peterlikewhat,lebron,Mon Apr 06 22:20:38 PDT 2009
23,emceet,lebron,Mon Apr 06 22:20:40 PDT 2009
24,CocoSavanna,iphone app,Mon Apr 06 22:20:40 PDT 2009
25,DreambigRadio,visa,Mon Apr 06 22:20:41 PDT 2009
26,andrewwatson,fredwilson,Mon Apr 06 22:20:44 PDT 2009
27,fredwilson,fredwilson,Mon Apr 06 22:20:50 PDT 2009
28,JoeSchueller,booz allen,Mon Apr 06 22:20:52 PDT 2009
29,scottabel,booz allen,Mon Apr 06 22:20:56 PDT 2009
30,JustMe_D,40d,Mon Apr 06 22:21:04 PDT 2009
31,hiteshbagai,40d,Mon Apr 06 22:21:07 PDT 2009
32,Annimallover,google,Mon Apr 06 22:21:07 PDT 2009
33,J_Holl,google,Mon Apr 06 22:21:09 PDT 2009
34,vamsmack,google,Mon Apr 06 22:21:11 PDT 2009
35,schroncd,aig,Mon Apr 06 22:21:21 PDT 2009
36,MarissaLeeD,itchy,Mon Apr 06 22:21:20 PDT 2009
37,robloposky,itchy,Mon Apr 06 22:21:27 PDT 2009
38,EdwinLValencia,itchy,Mon Apr 06 22:21:30 PDT 2009
39,imusicmash,stanford,Mon Apr 06 22:21:32 PDT 2009
40,drewloewe,lyx,Mon Apr 06 22:21:39 PDT 2009
41,VickyTigger,Danny Gokey,Mon Apr 06 22:21:39 PDT 2009
42,babblyabbie,sleep,Mon Apr 06 22:21:46 PDT 2009
43,kisjoaquin,sleep,Mon Apr 06 22:21:49 PDT 2009
44,Whacktackular,sleep,Mon Apr 06 22:21:53 PDT 2009
45,Adrigonzo,san francisco,Mon Apr 06 22:21:56 PDT 2009
46,sulu34,san francisco,Mon Apr 06 22:22:05 PDT 2009
47,schuyler,san francisco,Mon Apr 06 22:22:06 PDT 2009
48,MattBragoni,san francisco,Mon Apr 06 22:22:07 PDT 2009
49,KennyTRoland,aig,Mon Apr 06 22:22:13 PDT 2009
50,aMild,aig,Mon Apr 06 22:22:25 PDT 2009
51,Trazor1,aig,Mon Apr 06 22:22:23 PDT 2009
52,mimknits,star trek,Mon Apr 06 22:22:24 PDT 2009
53,GeeRen,star trek,Mon Apr 06 22:22:26 PDT 2009
54,checkyesjess,star trek,Mon Apr 06 22:22:30 PDT 2009
55,renano,Malcolm Gladwell,Mon Apr 06 22:22:32 PDT 2009
56,kottkedotorg,Malcolm Gladwell,Mon Apr 06 22:22:37 PDT 2009
57,davidm89,Malcolm Gladwell,Mon Apr 06 22:22:47 PDT 2009
58,livreal,Malcolm Gladwell,Mon Apr 06 22:22:47 PDT 2009
59,mikearosso,Malcolm Gladwell,Mon Apr 06 22:22:49 PDT 2009
60,wendy93639,espn,Mon Apr 06 22:22:49 PDT 2009
61,ClayFranklin,twitter api,Mon Apr 06 22:22:52 PDT 2009
62,cURLTesting,twitter api,Mon Apr 06 22:22:55 PDT 2009
63,ringerdrop,twitter api,Mon Apr 06 22:23:03 PDT 2009
64,danserfaty,twitter api,Mon Apr 06 22:23:08 PDT 2009
65,raykolbe,twitter api,Mon Apr 06 22:23:09 PDT 2009
66,CarolineVilas,yahoo,Mon Apr 06 22:23:15 PDT 2009
67,rachelbegins,scrapbooking,Mon Apr 06 22:23:23 PDT 2009
68,leedscentlib,wolfram alpha,Mon Apr 06 22:23:28 PDT 2009
69,PJ_King,star trek,Mon Apr 06 22:20:00 PDT 2009
70,sportsgirl505,nike,Mon Apr 06 22:23:28 PDT 2009
71,MatrixSystems,nike,Mon Apr 06 22:23:30 PDT 2009
72,cadburysgirl,nike,Mon Apr 06 22:23:35 PDT 2009
73,AddictedToFresh,nike,Mon Apr 06 22:23:39 PDT 2009
74,PJ_King,time warner,Mon Apr 06 22:20:00 PDT 2009
75,coreysmbpro,nike,Mon Apr 06 22:23:43 PDT 2009
76,PRolivia,nike,Mon Apr 06 22:23:43 PDT 2009
77,PJ_King,warren buffet,Mon Apr 06 22:20:00 PDT 2009
78,ErrantDreams,nike,Mon Apr 06 22:23:45 PDT 2009
79,PJ_King,obama,Mon Apr 06 22:20:00 PDT 2009
80,PJ_King,yahoo,Mon Apr 06 22:20:00 PDT 2009
81,PJ_King,nike,Mon Apr 06 22:20:00 PDT 2009
82,PJ_King,night at the museum,Mon Apr 06 22:20:00 PDT 2009
83,PJ_King,weka,Mon Apr 06 22:20:00 PDT 2009
84,PJ_King,lambda calculus,Mon Apr 06 22:20:00 PDT 2009
85,nikete,weka,Mon Apr 06 22:25:44 PDT 2009
86,bigdigit,50d,Mon Apr 06 22:25:44 PDT 2009
87,justinbettman,50d,Mon Apr 06 22:25:45 PDT 2009
88,read0,lambda calculus,Mon Apr 06 22:25:46 PDT 2009
89,BAK3R,lambda calculus,Mon Apr 06 22:25:49 PDT 2009
90,SLICKSPIT,east palo alto,Mon Apr 06 22:25:52 PDT 2009
91,ckwright,east palo alto,Mon Apr 06 22:25:53 PDT 2009
92,souleaterjh,stanford,Mon Apr 06 22:25:53 PDT 2009
93,susangao,stanford,Mon Apr 06 22:25:54 PDT 2009
94,jimmy_chan2009,stanford,Mon Apr 06 22:25:54 PDT 2009
95,a_fio,lakers,Mon Apr 06 22:25:56 PDT 2009
96,luvslikepi,north korea,Mon Apr 06 22:26:02 PDT 2009
97,utsagrad123,north korea,Mon Apr 06 22:26:06 PDT 2009
98,zed01,north korea,Mon Apr 06 22:20:00 PDT 2009
99,stabotage,north korea,Mon Apr 06 22:26:08 PDT 2009
100,zed01,pelosi,Mon Apr 06 22:26:10 PDT 2009
101,funky_old_man,bailout,Mon Apr 06 22:26:10 PDT 2009
102,malcozer,insects,Mon Apr 06 22:26:14 PDT 2009
103,AntoineTheReaL,insects,Mon Apr 06 22:26:18 PDT 2009
104,jonwolpert,insects,Mon Apr 06 22:26:21 PDT 2009
105,jachshore,mcdonalds,Mon Apr 06 22:26:22 PDT 2009
106,MamiYessi,mcdonalds,Mon Apr 06 22:26:27 PDT 2009
107,jvici0us,exam,Mon Apr 06 22:26:28 PDT 2009
108,enriquenieto,exam,Mon Apr 06 22:26:29 PDT 2009
109,Drummermatt_182,exam,Mon Apr 06 22:26:29 PDT 2009
110,filmcriticbeta,exam,Mon Apr 06 22:26:33 PDT 2009
111,lvlocal,cheney,Mon Apr 06 22:26:33 PDT 2009
112,QCWofNC,cheney,Mon Apr 06 22:26:38 PDT 2009
113,jepaco,cheney,Mon Apr 06 22:26:42 PDT 2009
114,ImportantQuotes,republican,Mon Apr 06 22:26:43 PDT 2009
115,fwhamm,twitter api,Mon Apr 06 22:26:45 PDT 2009
116,jos897,twitter api,Mon Apr 06 22:26:45 PDT 2009
117,jystewart,jquery book,Mon Apr 06 22:26:48 PDT 2009
118,cfbloggers,jquery book,Mon Apr 06 22:26:49 PDT 2009
119,CaerusMe,goodby silverstein,Mon Apr 06 22:26:52 PDT 2009
120,HallandPartners,goodby silverstein,Mon Apr 06 22:26:54 PDT 2009
121,suedecrush,goodby silverstein,Mon Apr 06 22:26:54 PDT 2009
122,_imageworks,goodby silverstein,Mon Apr 06 22:26:57 PDT 2009
123,dustinrowley,wieden,Mon Apr 06 22:27:00 PDT 2009
124,xzela,g2,Mon Apr 06 22:26:58 PDT 2009
125,mobiledreams,g2,Mon Apr 06 22:27:02 PDT 2009
126,crashfaster,g2,Mon Apr 06 22:27:08 PDT 2009
127,dragonal,g2,Mon Apr 06 22:27:15 PDT 2009
128,mastooo,googleio,Mon Apr 06 22:27:16 PDT 2009
129,maex242,googleio,Mon Apr 06 22:27:16 PDT 2009
130,specs20,lakers,Mon Apr 06 22:27:18 PDT 2009
131,BrandKarma,viral marketing,Mon Apr 06 22:27:21 PDT 2009
132,mattcad,viral marketing,Mon Apr 06 22:27:22 PDT 2009
133,grahamgrimshaw,viral marketing,Mon Apr 06 22:27:25 PDT 2009
134,nicoleisms,viral marketing,Mon Apr 06 22:27:31 PDT 2009
135,Cristinellaa,night at the museum,Mon Apr 06 22:27:34 PDT 2009
136,MzJill,night at the museum,Mon Apr 06 22:27:35 PDT 2009
137,Lynn_Sky,night at the museum,Mon Apr 06 22:27:45 PDT 2009
138,bobster56,night at the museum,Mon Apr 06 22:27:45 PDT 2009
139,jordanforeman,night at the museum,Mon Apr 06 22:27:55 PDT 2009
140,britree,night at the museum,Mon Apr 06 22:27:56 PDT 2009
141,jellz,night at the museum,Mon Apr 06 22:27:56 PDT 2009
142,droherty,night at the museum,Mon Apr 06 22:27:57 PDT 2009
143,sarahbrooke,night at the museum,Mon Apr 06 22:28:02 PDT 2009
144,jeremyempire,night at the museum,Mon Apr 06 22:28:03 PDT 2009
145,MirandaClues,night at the museum,Mon Apr 06 22:28:04 PDT 2009
146,RGuad08,night at the museum,Mon Apr 06 22:28:05 PDT 2009
147,xshallsx,night at the museum,Mon Apr 06 22:28:07 PDT 2009
148,EconomyUpdates,gm,Mon Apr 06 22:28:09 PDT 2009
149,mshbrown,gm,Mon Apr 06 22:28:11 PDT 2009
150,misschris62,gm,Mon Apr 06 22:28:11 PDT 2009
151,artbynemo,gm,Mon Apr 06 22:28:15 PDT 2009
152,windhamgirl,time warner,Mon Apr 06 22:28:18 PDT 2009
153,mmmPi,time warner,Mon Apr 06 22:28:21 PDT 2009
154,NDEddieMac,time warner,Mon Apr 06 22:28:23 PDT 2009
155,yourboysdot,time warner,Mon Apr 06 22:28:24 PDT 2009
156,Shazzainla,time warner,Mon Apr 06 22:28:24 PDT 2009
157,dstalk,time warner,Mon Apr 06 22:28:26 PDT 2009
158,ernestalfonso,time warner,Mon Apr 06 22:28:26 PDT 2009
159,kaaatiee,time warner,Mon Apr 06 22:28:33 PDT 2009
160,JasonNegron,time warner,Mon Apr 06 22:28:32 PDT 2009
161,elphabablue,time warner,Mon Apr 06 22:28:32 PDT 2009
162,gabe_rp,time warner,Mon Apr 06 22:28:38 PDT 2009
163,JoeyCircles,time warner,Mon Apr 06 22:28:38 PDT 2009
164,ScooPost,time warner,Mon Apr 06 22:28:45 PDT 2009
165,adamjleach,time warner,Mon Apr 06 22:28:48 PDT 2009
166,HYPHYROCKSTAR,china,Mon Apr 06 22:28:51 PDT 2009
167,BreakingBizNews,china,Mon Apr 06 22:30:34 PDT 2009
168,myfoxdc,china,Mon Apr 06 22:30:34 PDT 2009
169,drlombardo,china,Mon Apr 06 22:30:45 PDT 2009
170,sinostream,gm,Mon Apr 06 22:30:50 PDT 2009
171,hammerauto,gm,Mon Apr 06 22:30:54 PDT 2009
172,scoralli,surgery,Mon Apr 06 22:30:55 PDT 2009
173,sardonnica,dentist,Mon Apr 06 22:30:56 PDT 2009
174,BChasnov,dentist,Mon Apr 06 22:31:05 PDT 2009
175,LILJIZZEL,dentist,Mon Apr 06 22:31:09 PDT 2009
176,giz2000,dentist,Mon Apr 06 22:31:15 PDT 2009
177,cmonaussiecmon,dentist,Mon Apr 06 22:31:18 PDT 2009
178,sorayabouby,dentist,Mon Apr 06 22:31:29 PDT 2009
179,jeffreymodest,dentist,Mon Apr 06 22:31:31 PDT 2009
180,yowneh,dentist,Mon Apr 06 22:31:37 PDT 2009
181,CWilliams_Rltr,dentist,Mon Apr 06 22:31:35 PDT 2009
182,SimpleManJess,baseball,Mon Apr 06 22:31:40 PDT 2009
183,H3LLGWAR,baseball,Mon Apr 06 22:31:41 PDT 2009
184,LouisvilleGrads,baseball,Mon Apr 06 22:31:43 PDT 2009
185,SwainFamily,sony,Mon Apr 06 22:31:45 PDT 2009
186,neeeelia,safeway,Mon Apr 06 22:31:48 PDT 2009
187,ryanlipert,safeway,Mon Apr 06 22:31:50 PDT 2009
188,evan,safeway,Mon Apr 06 22:31:54 PDT 2009
189,ronjon,safeway,Mon Apr 06 22:31:56 PDT 2009
190,missleigh,safeway,Mon Apr 06 22:31:57 PDT 2009
191,SharkKMV,safeway,Mon Apr 06 22:31:59 PDT 2009
192,bosZmom,safeway,Mon Apr 06 22:32:02 PDT 2009
193,penlynwilson,safeway,Mon Apr 06 22:32:06 PDT 2009
194,mobileadgirl,safeway,Mon Apr 06 22:32:12 PDT 2009
195,phantomzangel,safeway,Mon Apr 06 22:32:16 PDT 2009
196,BreezB,safeway,Mon Apr 06 22:32:20 PDT 2009
197,nonstopdiets,eating,Mon Apr 06 22:32:22 PDT 2009
198,janelleshanks,eating,Mon Apr 06 22:32:23 PDT 2009
199,hanaho,eating,Mon Apr 06 22:32:28 PDT 2009
200,Fiel,eating,Mon Apr 06 22:32:28 PDT 2009
201,aaindefenzo,eating,Mon Apr 06 22:32:30 PDT 2009
202,CrownRoyal8,nike,Mon Apr 06 22:32:31 PDT 2009
203,MrGQ,nike,Mon Apr 06 22:32:36 PDT 2009
204,ngngfrancis,nike,Mon Apr 06 22:32:35 PDT 2009
205,mikelongden,nike,Mon Apr 06 22:32:38 PDT 2009
206,imgsearch,jquery,Mon Apr 06 22:32:40 PDT 2009
207,teagone,jquery,Mon Apr 06 22:32:50 PDT 2009
208,marcroberts,jquery,Mon Apr 06 22:32:51 PDT 2009
209,jacobrothstein,jquery,Mon Apr 06 22:32:54 PDT 2009
210,bedroomation,jquery,Mon Apr 06 22:32:58 PDT 2009
211,vmkobs,jquery,Mon Apr 06 22:33:00 PDT 2009
212,NewTechBooks,jquery,Mon Apr 06 22:33:01 PDT 2009
213,adthomas3,warren buffet,Mon Apr 06 22:33:11 PDT 2009
214,Alfred04654,warren buffet,Mon Apr 06 22:33:13 PDT 2009
215,LovelyMiska,warren buffet,Mon Apr 06 22:33:13 PDT 2009
216,adamgilmer,warren buffet,Mon Apr 06 22:33:16 PDT 2009
217,PatfaceCatface,notre dame school,Mon Apr 06 22:33:20 PDT 2009
218,MY_NBA_PLAYOFFS,notre dame school,Mon Apr 06 22:33:21 PDT 2009
219,rachaelbender,kindle2,Mon Apr 06 22:33:25 PDT 2009
220,aqrinc,kindle2,Mon Apr 06 22:33:31 PDT 2009
221,davepurcell,time warner,Mon Apr 06 22:33:32 PDT 2009
222,MarleyLuv26,time warner,Mon Apr 06 22:33:32 PDT 2009
223,acomicbookgirl,time warner,Mon Apr 06 22:33:34 PDT 2009
224,MichelleEReagan,time warner,Mon Apr 06 22:33:35 PDT 2009
225,jpaje11,time warner,Mon Apr 06 22:33:35 PDT 2009
226,JessSlevin,time warner,Mon Apr 06 22:33:44 PDT 2009
227,jworthington,federer,Mon Apr 06 22:35:29 PDT 2009
228,R0B3rt2,naive bayes,Mon Apr 06 22:35:29 PDT 2009
229,TammyT,stanford,Mon Apr 06 22:35:31 PDT 2009
230,elliottng,stanford,Mon Apr 06 22:35:31 PDT 2009
231,Shibuki_kun,stanford,Mon Apr 06 22:35:35 PDT 2009
232,painhatelove,car warranty call,Mon Apr 06 22:35:36 PDT 2009
233,russdavisdotcom,car warranty call,Mon Apr 06 22:35:40 PDT 2009
234,jamesmakeseyes,atandt,Mon Apr 06 22:35:40 PDT 2009
235,mikeyil,atandt,Mon Apr 06 22:35:41 PDT 2009
236,nakiasmile,atandt,Mon Apr 06 22:35:43 PDT 2009
237,wiiskey,atandt,Mon Apr 06 22:35:44 PDT 2009
238,brkd,atandt,Mon Apr 06 22:35:46 PDT 2009
239,jesusmbaez,atandt,Mon Apr 06 22:35:46 PDT 2009
240,ClaystationX,atandt,Mon Apr 06 22:35:51 PDT 2009
241,matthewphewes,atandt,Mon Apr 06 22:35:50 PDT 2009
242,chelseabot,atandt,Mon Apr 06 22:35:50 PDT 2009
243,girgely,wave sandbox,Mon Apr 06 22:35:50 PDT 2009
244,StrategisAdv,bing,Mon Apr 06 22:35:51 PDT 2009
245,fabulousaura,summize,Mon Apr 06 22:35:51 PDT 2009
246,drylight,google,Mon Apr 06 22:35:52 PDT 2009
247,ManiKarthik,google,Mon Apr 06 22:35:56 PDT 2009
248,jhall515,kindle2,Mon Apr 06 22:35:59 PDT 2009
249,HappyWino,kindle2,Mon Apr 06 22:35:59 PDT 2009
250,Teaguem2005,kindle2,Mon Apr 06 22:36:02 PDT 2009
251,dailysourcedev,aig,Mon Apr 06 22:36:03 PDT 2009
252,gandhirama,twitter,Mon Apr 06 22:36:06 PDT 2009
253,delpop,twitter,Mon Apr 06 22:36:06 PDT 2009
254,lingbellbell,obama,Mon Apr 06 22:36:10 PDT 2009
255,motsandco,obama,Mon Apr 06 22:36:15 PDT 2009
256,mickou,obama,Mon Apr 06 22:36:16 PDT 2009
257,meggentile,obama,Mon Apr 06 22:36:19 PDT 2009
258,failness,obama,Mon Apr 06 22:36:20 PDT 2009
259,kledy,obama,Mon Apr 06 22:36:26 PDT 2009
260,LaurelEdelstein,obama,Mon Apr 06 22:36:27 PDT 2009
261,chelseabigass,lebron,Mon Apr 06 22:36:33 PDT 2009
262,Smitty478,lebron,Mon Apr 06 22:36:38 PDT 2009
263,PurpleGorillaZz,lebron,Mon Apr 06 22:36:39 PDT 2009
264,MsStacha,lebron,Mon Apr 06 22:36:51 PDT 2009
265,undefeated310,lebron,Mon Apr 06 22:36:52 PDT 2009
266,BI_POLAROID,lebron,Mon Apr 06 22:36:54 PDT 2009
267,IAmNoeAngel,lebron,Mon Apr 06 22:37:03 PDT 2009
268,ksmedia,lebron,Mon Apr 06 22:37:04 PDT 2009
269,PrEttIBoIGaRy,lebron,Mon Apr 06 22:37:07 PDT 2009
270,kellan38,lebron,Mon Apr 06 22:37:16 PDT 2009
271,LovelyMiska,aig,Mon Apr 06 22:20:00 PDT 2009
272,jsincere150,world cup,Mon Apr 06 22:37:22 PDT 2009
273,biren,world cup 2010,Mon Apr 06 22:37:23 PDT 2009
274,DoAndroidsDream,fred wilson,Mon Apr 06 22:37:26 PDT 2009
275,Moc5085,booz allen,Mon Apr 06 22:37:36 PDT 2009
276,citizenofindia,indian election,Mon Apr 06 22:37:35 PDT 2009
277,Melonze,kindle2,Mon Apr 06 22:37:40 PDT 2009
278,SPReviews,kindle2,Mon Apr 06 22:37:41 PDT 2009
279,ha_nobita,40d,Mon Apr 06 22:37:41 PDT 2009
280,Jen2Squared,40d,Mon Apr 06 22:37:44 PDT 2009
281,LovelyMiska,Danny Gokey,Mon Apr 06 22:20:00 PDT 2009
282,__new,india election,Mon Apr 06 22:37:46 PDT 2009
283,BillVick,google,Mon Apr 06 22:37:46 PDT 2009
284,xmikeflhxcx,itchy,Mon Apr 06 22:37:49 PDT 2009
285,Timl9068,itchy,Mon Apr 06 22:37:57 PDT 2009
286,PassionModel,stanford,Mon Apr 06 22:37:59 PDT 2009
287,TechUpdater,stanford,Mon Apr 06 22:38:04 PDT 2009
288,robotickilldozr,lyx,Mon Apr 06 22:38:04 PDT 2009
289,TheDALiSiA,Danny Gokey,Mon Apr 06 22:38:04 PDT 2009
290,fashion_retweet,Danny Gokey,Mon Apr 06 22:38:08 PDT 2009
291,angelkim17,Danny Gokey,Mon Apr 06 22:38:14 PDT 2009
292,download11,gm,Mon Apr 06 22:38:18 PDT 2009
293,nichole17,sleep,Mon Apr 06 22:38:20 PDT 2009
294,xstaylor,san francisco,Mon Apr 06 22:38:20 PDT 2009
295,miwahh,san francisco,Mon Apr 06 22:38:20 PDT 2009
296,bKnapp,san francisco,Mon Apr 06 22:38:24 PDT 2009
297,rayceja,san francisco,Mon Apr 06 22:38:26 PDT 2009
298,deepikaC,san francisco,Mon Apr 06 22:38:30 PDT 2009
299,kaaslaw,aig,Mon Apr 06 22:38:28 PDT 2009
300,Pgobb,star trek,Mon Apr 06 22:38:32 PDT 2009
301,qrboy85,star trek,Mon Apr 06 22:38:37 PDT 2009
302,LovelyMiska,itchy,Mon Apr 06 22:20:00 PDT 2009
303,adamrisser,star trek,Mon Apr 06 22:38:39 PDT 2009
304,GoodPhoenix,Malcolm Gladwell,Mon Apr 06 22:38:44 PDT 2009
305,silentcarto,Malcolm Gladwell,Mon Apr 06 22:40:15 PDT 2009
306,kerrrrrr,Malcolm Gladwell,Mon Apr 06 22:40:18 PDT 2009
307,bling_crosby,Malcolm Gladwell,Mon Apr 06 22:40:20 PDT 2009
308,ripplemdk,Malcolm Gladwell,Mon Apr 06 22:40:24 PDT 2009
309,drewlew34,Malcolm Gladwell,Mon Apr 06 22:40:24 PDT 2009
310,MrsGinobili,comcast,Mon Apr 06 22:40:26 PDT 2009
311,stormygirl223,comcast,Mon Apr 06 22:40:30 PDT 2009
312,theZoctor,comcast,Mon Apr 06 22:40:33 PDT 2009
313,motkeps,comcast,Mon Apr 06 22:40:36 PDT 2009
314,YouAnswer,twitter api,Mon Apr 06 22:40:38 PDT 2009
315,marekdsi,twitter api,Mon Apr 06 22:40:43 PDT 2009
316,mikecane,twitter api,Mon Apr 06 22:40:40 PDT 2009
317,trivektor,twitter api,Mon Apr 06 22:40:48 PDT 2009
318,rdoc420,twitter api,Mon Apr 06 22:41:07 PDT 2009
319,Hot_Tweets,twitter api,Mon Apr 06 22:41:06 PDT 2009
320,jeffswhite,wolfram alpha,Mon Apr 06 22:41:09 PDT 2009
321,marriop,wolfram alpha,Mon Apr 06 22:41:15 PDT 2009
322,kewpiezmom,nike,Mon Apr 06 22:41:16 PDT 2009
323,Chet_Lemon,nike,Mon Apr 06 22:41:19 PDT 2009
324,sneakerfiles,nike,Mon Apr 06 22:41:20 PDT 2009
325,nikeblog,nike,Mon Apr 06 22:41:20 PDT 2009
326,laurenornot,nike,Mon Apr 06 22:41:22 PDT 2009
327,julieules,shoreline amphitheatre,Mon Apr 06 22:41:25 PDT 2009
328,gux_kung,weka,Mon Apr 06 22:41:27 PDT 2009
329,GrfxGuru,50d,Mon Apr 06 22:41:29 PDT 2009
330,joelgoodman,50d,Mon Apr 06 22:41:29 PDT 2009
331,trevorcgibson,50d,Mon Apr 06 22:41:33 PDT 2009
332,ashpeckham,50d,Mon Apr 06 22:41:36 PDT 2009
333,davidivins,lambda calculus,Mon Apr 06 22:41:52 PDT 2009
334,SCSanFrancisco,east palo alto,Mon Apr 06 22:41:51 PDT 2009
335,nfarzan,east palo alto,Mon Apr 06 22:41:54 PDT 2009
336,tylerlin,stanford,Mon Apr 06 22:41:54 PDT 2009
337,souleaterjh,stanford,Mon Apr 06 22:41:54 PDT 2009
338,MbaAdmission,stanford,Mon Apr 06 22:41:55 PDT 2009
339,narain,stanford,Mon Apr 06 22:41:56 PDT 2009
340,JuanGir,lakers,Mon Apr 06 22:41:57 PDT 2009
341,Alexi_G,lakers,Mon Apr 06 22:41:59 PDT 2009
342,one_eighteen,north korea,Mon Apr 06 22:42:00 PDT 2009
343,FOLKTALE09,north korea,Mon Apr 06 22:42:07 PDT 2009
344,Mvsic,north korea,Mon Apr 06 22:42:06 PDT 2009
345,CFURNAROS,pelosi,Mon Apr 06 22:42:08 PDT 2009
346,Rachael90210,pelosi,Mon Apr 06 22:42:10 PDT 2009
347,TylerSchmidt,pelosi,Mon Apr 06 22:42:18 PDT 2009
348,KayJay_x,insects,Mon Apr 06 22:42:19 PDT 2009
349,BecCrew,insects,Mon Apr 06 22:42:22 PDT 2009
350,euthanasia86,insects,Mon Apr 06 22:42:28 PDT 2009
351,connlocks,mcdonalds,Mon Apr 06 22:42:28 PDT 2009
352,MamiYessi,mcdonalds,Mon Apr 06 22:42:30 PDT 2009
353,Yuleineeee,mcdonalds,Mon Apr 06 22:42:30 PDT 2009
354,XrachulX,mcdonalds,Mon Apr 06 22:42:32 PDT 2009
355,xKimmelie,exam,Mon Apr 06 22:42:37 PDT 2009
356,laulaulauren,exam,Mon Apr 06 22:42:47 PDT 2009
357,elllllen,exam,Mon Apr 06 22:42:49 PDT 2009
358,LPSsports43,cheney,Mon Apr 06 22:42:51 PDT 2009
359,joahs,cheney,Mon Apr 06 22:42:49 PDT 2009
360,paulobsf,mashable,Mon Apr 06 22:42:56 PDT 2009
361,christinerose,mashable,Mon Apr 06 22:42:59 PDT 2009
362,cfbloggers,jquery book,Mon Apr 06 22:43:06 PDT 2009
363,pdelsignore,jquery book,Mon Apr 06 22:43:12 PDT 2009
364,bskatz,goodby silverstein,Mon Apr 06 22:43:15 PDT 2009
365,sc0ttman,goodby silverstein,Mon Apr 06 22:43:17 PDT 2009
366,designplay,goodby silverstein,Mon Apr 06 22:43:18 PDT 2009
367,Drisgill,g2,Mon Apr 06 22:43:23 PDT 2009
368,DearJellyHiJely,g2,Mon Apr 06 22:43:22 PDT 2009
369,itamarw,g2,Mon Apr 06 22:43:26 PDT 2009
370,daynah,googleio,Mon Apr 06 22:43:29 PDT 2009
371,jackdaniels08,googleio,Mon Apr 06 22:43:31 PDT 2009
372,alpheus1,googleio,Mon Apr 06 22:43:38 PDT 2009
373,joshgammon,viral marketing,Mon Apr 06 22:43:42 PDT 2009
374,KatyWheatley1,hitler,Mon Apr 06 22:43:43 PDT 2009
375,TiffanyBakker,night at the museum,Mon Apr 06 22:43:44 PDT 2009
376,kezzumz,night at the museum,Mon Apr 06 22:43:46 PDT 2009
377,bodhibuggy,night at the museum,Mon Apr 06 22:43:48 PDT 2009
378,HistoryLuV3R,night at the museum,Mon Apr 06 22:43:49 PDT 2009
379,ErcDrso,night at the museum,Mon Apr 06 22:43:54 PDT 2009
380,aykataoka,night at the museum,Mon Apr 06 22:44:34 PDT 2009
381,Bcapote,night at the museum,Mon Apr 06 22:44:48 PDT 2009
382,crikket_churps,night at the museum,Mon Apr 06 22:44:52 PDT 2009
383,tish_tish,night at the museum,Mon Apr 06 22:44:57 PDT 2009
384,Lilimich,night at the museum,Mon Apr 06 22:45:05 PDT 2009
385,stealing_second,night at the museum,Mon Apr 06 22:45:08 PDT 2009
386,Pas_de_Cheval,night at the museum,Mon Apr 06 22:45:10 PDT 2009
387,lloydnelson,gm,Mon Apr 06 22:45:13 PDT 2009
388,overthrow,gm,Mon Apr 06 22:45:22 PDT 2009
389,economywire,gm,Mon Apr 06 22:45:29 PDT 2009
390,tradecruz,gm,Mon Apr 06 22:45:31 PDT 2009
391,ZendoDeb,gm,Mon Apr 06 22:45:33 PDT 2009
392,rbmshow,gm,Mon Apr 06 22:45:37 PDT 2009
393,Ash_Craigslist,gm,Mon Apr 06 22:45:40 PDT 2009
394,BarackProblema,gm,Mon Apr 06 22:45:44 PDT 2009
395,ericdano,gm,Mon Apr 06 22:45:46 PDT 2009
396,tradecruz,gm,Mon Apr 06 22:45:47 PDT 2009
397,ktsophie,gm,Mon Apr 06 22:45:51 PDT 2009
398,nicolemg415,gm,Mon Apr 06 22:45:53 PDT 2009
399,ProofofVenom,time warner,Mon Apr 06 22:45:54 PDT 2009
400,flywire,time warner,Mon Apr 06 22:46:14 PDT 2009
401,batchoutlost,time warner,Mon Apr 06 22:46:16 PDT 2009
402,floatingatoll,time warner,Mon Apr 06 22:46:20 PDT 2009
403,kippy2,time warner,Mon Apr 06 22:46:24 PDT 2009
404,iamtony,time warner,Mon Apr 06 22:46:22 PDT 2009
405,dcwhip,time warner,Mon Apr 06 22:46:24 PDT 2009
406,JustGLB,time warner,Mon Apr 06 22:46:27 PDT 2009
407,chaneykyoto,time warner,Mon Apr 06 22:46:32 PDT 2009
408,ldmullen,time warner,Mon Apr 06 22:46:36 PDT 2009
409,JohnTurlington,time warner,Mon Apr 06 22:46:40 PDT 2009
410,johnscleary,time warner,Mon Apr 06 22:46:44 PDT 2009
411,ecormany,time warner,Mon Apr 06 22:46:48 PDT 2009
412,matsonj,time warner,Mon Apr 06 22:46:53 PDT 2009
413,YildirimNews,china,Mon Apr 06 22:46:55 PDT 2009
414,zedomax,china,Mon Apr 06 22:46:57 PDT 2009
415,theprovince,gm,Mon Apr 06 22:47:05 PDT 2009
416,PeteHall,gm,Mon Apr 06 22:47:22 PDT 2009
417,ram_zone,gm,Mon Apr 06 22:47:21 PDT 2009
418,irishyanks,yankees,Mon Apr 06 22:47:28 PDT 2009
419,Erinthebigsis,dentist,Mon Apr 06 22:47:32 PDT 2009
420,cassieeeelove,dentist,Mon Apr 06 22:47:40 PDT 2009
421,johnnyt183,dentist,Mon Apr 06 22:47:41 PDT 2009
422,b_bassi,dentist,Mon Apr 06 22:47:56 PDT 2009
423,cmg11,dentist,Mon Apr 06 22:47:58 PDT 2009
424,arianaflyy,dentist,Mon Apr 06 22:48:00 PDT 2009
425,jettellis,dentist,Mon Apr 06 22:48:00 PDT 2009
426,AdiOpERsOcoM,dentist,Mon Apr 06 22:48:02 PDT 2009
427,HallofChampions,baseball,Mon Apr 06 22:48:02 PDT 2009
428,SimpleManJess,baseball,Mon Apr 06 22:48:03 PDT 2009
429,Oregon_Live,baseball,Mon Apr 06 22:48:04 PDT 2009
430,AirDye,safeway,Mon Apr 06 22:48:08 PDT 2009
431,csquaredx,safeway,Mon Apr 06 22:48:10 PDT 2009
432,XPhile1908,safeway,Mon Apr 06 22:48:13 PDT 2009
433,LaurenAmor,safeway,Mon Apr 06 22:48:14 PDT 2009
434,TravisJensenSF,safeway,Mon Apr 06 22:48:17 PDT 2009
435,Lovely_Lauren,safeway,Mon Apr 06 22:48:19 PDT 2009
436,fugface85,safeway,Mon Apr 06 22:48:23 PDT 2009
437,_JessicaJOY,safeway,Mon Apr 06 22:48:32 PDT 2009
438,mobileadgirl,safeway,Mon Apr 06 22:48:32 PDT 2009
439,m_marchesi,driving,Mon Apr 06 22:48:34 PDT 2009
440,TheDebtress,eating,Mon Apr 06 22:48:35 PDT 2009
441,face_of_boe,eating,Mon Apr 06 22:48:37 PDT 2009
442,LaraAvni,eating,Mon Apr 06 22:48:38 PDT 2009
443,elpasira,eating,Mon Apr 06 22:48:42 PDT 2009
444,Fitness_101,eating,Mon Apr 06 22:48:48 PDT 2009
445,ohmurder,eating,Mon Apr 06 22:48:50 PDT 2009
446,whoaoblivious,eating,Mon Apr 06 22:48:53 PDT 2009
447,stefanjos,nike,Mon Apr 06 22:48:54 PDT 2009
448,nsborg,nike,Mon Apr 06 22:49:51 PDT 2009
449,marieforleo,nike,Mon Apr 06 22:49:55 PDT 2009
450,imflashy,nike,Mon Apr 06 22:49:55 PDT 2009
451,TheGlossMagazin,nike,Mon Apr 06 22:49:57 PDT 2009
452,MiniGreek,nike,Mon Apr 06 22:49:58 PDT 2009
453,TracySuter,nike,Mon Apr 06 22:50:03 PDT 2009
454,TobyJuanKenobi,jquery,Mon Apr 06 22:50:11 PDT 2009
455,inBlogs,jquery,Mon Apr 06 22:50:17 PDT 2009
456,vmkobs,jquery,Mon Apr 06 22:50:19 PDT 2009
457,ghurson,jquery,Mon Apr 06 22:50:28 PDT 2009
458,5x1llz,jquery,Mon Apr 06 22:50:34 PDT 2009
459,bryall,jquery,Mon Apr 06 22:50:43 PDT 2009
460,vmkobs,jquery,Mon Apr 06 22:50:48 PDT 2009
461,maheshcha,jquery,Mon Apr 06 22:50:49 PDT 2009
462,MyBenchmarkMtg,warren buffet,Mon Apr 06 22:50:51 PDT 2009
463,PragCapitalist,warren buffet,Mon Apr 06 22:50:58 PDT 2009
464,SmartMouthBroad,warren buffet,Mon Apr 06 22:51:00 PDT 2009
465,goncalol,warren buffet,Mon Apr 06 22:51:13 PDT 2009
466,BobtheRobot,notre dame school,Mon Apr 06 22:51:14 PDT 2009
467,Hittman,time warner,Mon Apr 06 22:51:17 PDT 2009
468,aiban,federer,Mon Apr 06 22:51:19 PDT 2009
469,nyctimes,kindle2,Mon Apr 06 22:51:24 PDT 2009
470,k8tb52,kindle2,Mon Apr 06 22:51:25 PDT 2009
471,taylorcarrigan,atandt,Mon Apr 06 22:51:26 PDT 2009
472,susanjane,atandt,Mon Apr 06 22:51:27 PDT 2009
473,stick08,atandt,Mon Apr 06 22:51:33 PDT 2009
474,CaptainCraigos,atandt,Mon Apr 06 22:51:34 PDT 2009
475,iPhoneFuzzball,atandt,Mon Apr 06 22:51:34 PDT 2009
476,itsolivia,atandt,Mon Apr 06 22:51:40 PDT 2009
477,kyrabeckf,wave sandbox,Mon Apr 06 22:51:44 PDT 2009
478,auxesis,summize,Mon Apr 06 22:51:46 PDT 2009
479,deedeewarren,kindle2,Mon Apr 06 22:51:48 PDT 2009
480,RogerSPress,kindle2,Mon Apr 06 22:51:49 PDT 2009
481,kmozena,kindle2,Mon Apr 06 22:51:50 PDT 2009
482,Jesssssii,iphone app,Mon Apr 06 22:51:51 PDT 2009
483,jimhong,kindle2,Mon Apr 06 22:51:52 PDT 2009
484,Ant_Ward,kindle2,Mon Apr 06 22:51:53 PDT 2009
485,popitlockit,google,Mon Apr 06 22:51:59 PDT 2009
486,FionaSarah,visa card,Mon Apr 06 22:52:07 PDT 2009
487,MalloryRayne,visa card,Mon Apr 06 22:52:06 PDT 2009
488,_abi_,visa card,Mon Apr 06 22:52:11 PDT 2009
489,sfkerropi6,Bobby Flay,Mon Apr 06 22:52:13 PDT 2009
490,tessalau,Bobby Flay,Mon Apr 06 22:52:19 PDT 2009
491,ZFilth,Bobby Flay,Mon Apr 06 22:52:18 PDT 2009
492,annieblane,Bobby Flay,Mon Apr 06 22:52:21 PDT 2009
493,LAURAcBRYAN,Bobby Flay,Mon Apr 06 22:52:23 PDT 2009
494,NathanChalmers,latex,Mon Apr 06 22:52:25 PDT 2009
495,LoonyLongbottom,latex,Mon Apr 06 22:52:27 PDT 2009
496,QuadError,latex,Mon Apr 06 22:52:31 PDT 2009
497,musicmuse,iran,Mon Apr 06 22:52:38 PDT 2009
498,sketoaks,iran,Mon Apr 06 22:52:39 PDT 2009
499,jamespenycate,iran,Mon Apr 06 22:52:42 PDT 2009
500,boardcentral,aapl,Mon Apr 06 22:52:40 PDT 2009
501,JimFacey,Bobby Flay,Mon Apr 06 22:52:44 PDT 2009
502,wetfishdesigns,Bobby Flay,Mon Apr 06 22:52:47 PDT 2009
503,A_TALL_BLONDE,Bobby Flay,Mon Apr 06 22:52:50 PDT 2009
504,rooney_tunes,latex,Mon Apr 06 22:52:50 PDT 2009
505,roguemovement,latex,Mon Apr 06 22:52:51 PDT 2009
506,yomcat,latex,Mon Apr 06 22:52:56 PDT 2009
507,proggit,latex,Mon Apr 06 22:52:59 PDT 2009
508,sam33r,latex,Mon Apr 06 22:53:04 PDT 2009
509,iamtheonlyjosie,latex,Mon Apr 06 22:53:06 PDT 2009
510,plutopup7,iran,Mon Apr 06 22:53:14 PDT 2009
511,captain_pete,iran,Mon Apr 06 22:53:15 PDT 2009
512,princezzcutz,kindle2,Mon Apr 06 22:56:37 PDT 2009
513,rooney_tunes,kindle2,Mon Apr 06 22:54:50 PDT 2009
514,wetfishdesigns,kindle2,Mon Apr 06 22:52:20 PDT 2009
515,ghurson,latex,Mon Apr 06 22:40:28 PDT 2009
516,5x1llz,federer,Mon Apr 06 22:55:34 PDT 2009
517,bryall,latex,Mon Apr 06 22:56:43 PDT 2009
518,aykataoka,gm,Mon Apr 06 22:54:34 PDT 2009
519,Bcapote,latex,Mon Apr 06 22:52:48 PDT 2009
520,crikket_churps,kindle2,Mon Apr 06 22:50:52 PDT 2009
521,ZendoDeb,time warner,Mon Apr 06 22:46:33 PDT 2009
522,rbmshow,time warner,Mon Apr 06 22:45:52 PDT 2009
523,Ash_Craigslist,time warner,Mon Apr 06 22:45:49 PDT 2009
524,BarackProblema,time warner,Mon Apr 06 22:45:41 PDT 2009
525,XPhile1908,baseball,Mon Apr 06 22:48:19 PDT 2009
526,LaurenAmor,baseball,Mon Apr 06 22:48:20 PDT 2009
527,TravisJensenSF,baseball,Mon Apr 06 22:48:27 PDT 2009
528,Lovely_Lauren,driving,Mon Apr 06 22:48:29 PDT 2009
529,fugface85,driving,Mon Apr 06 22:48:33 PDT 2009
530,sportsgirl505,obama,Mon Apr 06 22:24:28 PDT 2009
531,MatrixSystems,obama,Mon Apr 06 22:25:30 PDT 2009
532,cadburysgirl,obama,Mon Apr 06 22:26:35 PDT 2009
533,AddictedToFresh,obama,Mon Apr 06 22:23:41 PDT 2009
534,coreysmbpro,obama,Mon Apr 06 22:23:42 PDT 2009
535,PRolivia,obama,Mon Apr 06 22:23:45 PDT 2009
536,cadburysgirl,kindle2,Mon Apr 06 22:23:44 PDT 2009
537,AddictedToFresh,kindle2,Mon Apr 06 22:23:50 PDT 2009
538,coreysmbpro,kindle2,Mon Apr 06 22:23:53 PDT 2009
539,Native_01,obama,Mon Apr 06 22:20:38 PDT 2009
540,princezzcutz,obama,Mon Apr 06 22:20:41 PDT 2009
541,peterlikewhat,obama,Mon Apr 06 22:20:48 PDT 2009
