tpryan,kindle2,Mon Apr 06 22:19:45 PDT 2009
vcu451,kindle2,Mon Apr 06 22:19:49 PDT 2009
chadfu,kindle2,Mon Apr 06 22:19:53 PDT 2009
SIX15,kindle2,Mon Apr 06 22:19:57 PDT 2009
yamarama,kindle2,Mon Apr 06 22:19:57 PDT 2009
GeorgeVHulme,kindle2,Mon Apr 06 22:20:00 PDT 2009
Seth937,aig,Mon Apr 06 22:20:03 PDT 2009
No,twitter,Mon Apr 06 22:20:00 PDT 2009
dcostalis,jquery,Mon Apr 06 22:20:03 PDT 2009
PJ_King,twitter,Mon Apr 06 22:20:05 PDT 2009
mandanicole,obama,Mon Apr 06 22:20:09 PDT 2009
jpeb,obama,Mon Apr 06 22:20:16 PDT 2009
kylesellers,obama,Mon Apr 06 22:20:17 PDT 2009
theviewfans,obama,Mon Apr 06 22:20:19 PDT 2009
MumsFP,nike,Mon Apr 06 22:20:19 PDT 2009
vincentx24x,nike,Mon Apr 06 22:20:20 PDT 2009
cameronwylie,lebron,Mon Apr 06 22:20:20 PDT 2009
luv8242,lebron,Mon Apr 06 22:20:22 PDT 2009
mtgillikin,lebron,Mon Apr 06 22:20:25 PDT 2009
ursecretdezire,lebron,Mon Apr 06 22:20:31 PDT 2009
Native_01,lebron,Mon Apr 06 22:20:34 PDT 2009
princezzcutz,lebron,Mon Apr 06 22:20:37 PDT 2009
peterlikewhat,lebron,Mon Apr 06 22:20:38 PDT 2009
emceet,lebron,Mon Apr 06 22:20:40 PDT 2009
CocoSavanna,iphone app,Mon Apr 06 22:20:40 PDT 2009
DreambigRadio,visa,Mon Apr 06 22:20:41 PDT 2009
andrewwatson,fredwilson,Mon Apr 06 22:20:44 PDT 2009
fredwilson,fredwilson,Mon Apr 06 22:20:50 PDT 2009
JoeSchueller,"""booz allen""",Mon Apr 06 22:20:52 PDT 2009
scottabel,"""booz allen""",Mon Apr 06 22:20:56 PDT 2009
JustMe_D,40d,Mon Apr 06 22:21:04 PDT 2009
hiteshbagai,40d,Mon Apr 06 22:21:07 PDT 2009
Annimallover,google,Mon Apr 06 22:21:07 PDT 2009
J_Holl,google,Mon Apr 06 22:21:09 PDT 2009
vamsmack,google,Mon Apr 06 22:21:11 PDT 2009
schroncd,aig,Mon Apr 06 22:21:21 PDT 2009
MarissaLeeD,itchy,Mon Apr 06 22:21:20 PDT 2009
robloposky,itchy,Mon Apr 06 22:21:27 PDT 2009
EdwinLValencia,itchy,Mon Apr 06 22:21:30 PDT 2009
imusicmash,stanford,Mon Apr 06 22:21:32 PDT 2009
drewloewe,lyx,Mon Apr 06 22:21:39 PDT 2009
VickyTigger,Danny Gokey,Mon Apr 06 22:21:39 PDT 2009
babblyabbie,sleep,Mon Apr 06 22:21:46 PDT 2009
kisjoaquin,sleep,Mon Apr 06 22:21:49 PDT 2009
Whacktackular,sleep,Mon Apr 06 22:21:53 PDT 2009
Adrigonzo,san francisco,Mon Apr 06 22:21:56 PDT 2009
sulu34,san francisco,Mon Apr 06 22:22:05 PDT 2009
schuyler,san francisco,Mon Apr 06 22:22:06 PDT 2009
MattBragoni,san francisco,Mon Apr 06 22:22:07 PDT 2009
KennyTRoland,aig,Mon Apr 06 22:22:13 PDT 2009
aMild,aig,Mon Apr 06 22:22:25 PDT 2009
Trazor1,aig,Mon Apr 06 22:22:23 PDT 2009
mimknits,star trek,Mon Apr 06 22:22:24 PDT 2009
GeeRen,star trek,Mon Apr 06 22:22:26 PDT 2009
checkyesjess,star trek,Mon Apr 06 22:22:30 PDT 2009
renano,Malcolm Gladwell,Mon Apr 06 22:22:32 PDT 2009
kottkedotorg,Malcolm Gladwell,Mon Apr 06 22:22:37 PDT 2009
davidm89,Malcolm Gladwell,Mon Apr 06 22:22:47 PDT 2009
livreal,Malcolm Gladwell,Mon Apr 06 22:22:47 PDT 2009
mikearosso,Malcolm Gladwell,Mon Apr 06 22:22:49 PDT 2009
wendy93639,espn,Mon Apr 06 22:22:49 PDT 2009
ClayFranklin,"""twitter api""",Mon Apr 06 22:22:52 PDT 2009
cURLTesting,"""twitter api""",Mon Apr 06 22:22:55 PDT 2009
ringerdrop,"""twitter api""",Mon Apr 06 22:23:03 PDT 2009
danserfaty,"""twitter api""",Mon Apr 06 22:23:08 PDT 2009
raykolbe,"""twitter api""",Mon Apr 06 22:23:09 PDT 2009
CarolineVilas,yahoo,Mon Apr 06 22:23:15 PDT 2009
rachelbegins,scrapbooking,Mon Apr 06 22:23:23 PDT 2009
leedscentlib,wolfram alpha,Mon Apr 06 22:23:28 PDT 2009
PJ_King,star trek,Mon Apr 06 22:20:00 PDT 2009
sportsgirl505,nike,Mon Apr 06 22:23:28 PDT 2009
MatrixSystems,nike,Mon Apr 06 22:23:30 PDT 2009
cadburysgirl,nike,Mon Apr 06 22:23:35 PDT 2009
AddictedToFresh,nike,Mon Apr 06 22:23:39 PDT 2009
PJ_King,time warner,Mon Apr 06 22:20:00 PDT 2009
coreysmbpro,nike,Mon Apr 06 22:23:43 PDT 2009
PRolivia,nike,Mon Apr 06 22:23:43 PDT 2009
PJ_King,warren buffet,Mon Apr 06 22:20:00 PDT 2009
ErrantDreams,nike,Mon Apr 06 22:23:45 PDT 2009
PJ_King,obama,Mon Apr 06 22:20:00 PDT 2009
PJ_King,yahoo,Mon Apr 06 22:20:00 PDT 2009
PJ_King,nike,Mon Apr 06 22:20:00 PDT 2009
PJ_King,"""night at the museum""",Mon Apr 06 22:20:00 PDT 2009
PJ_King,weka,Mon Apr 06 22:20:00 PDT 2009
PJ_King,lambda calculus,Mon Apr 06 22:20:00 PDT 2009
nikete,weka,Mon Apr 06 22:25:44 PDT 2009
bigdigit,50d,Mon Apr 06 22:25:44 PDT 2009
justinbettman,50d,Mon Apr 06 22:25:45 PDT 2009
read0,lambda calculus,Mon Apr 06 22:25:46 PDT 2009
BAK3R,lambda calculus,Mon Apr 06 22:25:49 PDT 2009
SLICKSPIT,east palo alto,Mon Apr 06 22:25:52 PDT 2009
ckwright,east palo alto,Mon Apr 06 22:25:53 PDT 2009
souleaterjh,stanford,Mon Apr 06 22:25:53 PDT 2009
susangao,stanford,Mon Apr 06 22:25:54 PDT 2009
jimmy_chan2009,stanford,Mon Apr 06 22:25:54 PDT 2009
a_fio,lakers,Mon Apr 06 22:25:56 PDT 2009
luvslikepi,north korea,Mon Apr 06 22:26:02 PDT 2009
utsagrad123,north korea,Mon Apr 06 22:26:06 PDT 2009
zed01,north korea,Mon Apr 06 22:20:00 PDT 2009
stabotage,north korea,Mon Apr 06 22:26:08 PDT 2009
zed01,pelosi,Mon Apr 06 22:26:10 PDT 2009
funky_old_man,bailout,Mon Apr 06 22:26:10 PDT 2009
malcozer,insects,Mon Apr 06 22:26:14 PDT 2009
AntoineTheReaL,insects,Mon Apr 06 22:26:18 PDT 2009
jonwolpert,insects,Mon Apr 06 22:26:21 PDT 2009
jachshore,mcdonalds,Mon Apr 06 22:26:22 PDT 2009
MamiYessi,mcdonalds,Mon Apr 06 22:26:27 PDT 2009
jvici0us,exam,Mon Apr 06 22:26:28 PDT 2009
enriquenieto,exam,Mon Apr 06 22:26:29 PDT 2009
Drummermatt_182,exam,Mon Apr 06 22:26:29 PDT 2009
filmcriticbeta,exam,Mon Apr 06 22:26:33 PDT 2009
lvlocal,cheney,Mon Apr 06 22:26:33 PDT 2009
QCWofNC,cheney,Mon Apr 06 22:26:38 PDT 2009
jepaco,cheney,Mon Apr 06 22:26:42 PDT 2009
ImportantQuotes,republican,Mon Apr 06 22:26:43 PDT 2009
fwhamm,twitter api,Mon Apr 06 22:26:45 PDT 2009
jos897,twitter api,Mon Apr 06 22:26:45 PDT 2009
jystewart,jquery book,Mon Apr 06 22:26:48 PDT 2009
cfbloggers,jquery book,Mon Apr 06 22:26:49 PDT 2009
CaerusMe,goodby silverstein,Mon Apr 06 22:26:52 PDT 2009
HallandPartners,goodby silverstein,Mon Apr 06 22:26:54 PDT 2009
suedecrush,goodby silverstein,Mon Apr 06 22:26:54 PDT 2009
_imageworks,goodby silverstein,Mon Apr 06 22:26:57 PDT 2009
dustinrowley,wieden,Mon Apr 06 22:27:00 PDT 2009
xzela,g2,Mon Apr 06 22:26:58 PDT 2009
mobiledreams,g2,Mon Apr 06 22:27:02 PDT 2009
crashfaster,g2,Mon Apr 06 22:27:08 PDT 2009
dragonal,g2,Mon Apr 06 22:27:15 PDT 2009
mastooo,googleio,Mon Apr 06 22:27:16 PDT 2009
maex242,googleio,Mon Apr 06 22:27:16 PDT 2009
specs20,lakers,Mon Apr 06 22:27:18 PDT 2009
BrandKarma,viral marketing,Mon Apr 06 22:27:21 PDT 2009
mattcad,viral marketing,Mon Apr 06 22:27:22 PDT 2009
grahamgrimshaw,viral marketing,Mon Apr 06 22:27:25 PDT 2009
nicoleisms,viral marketing,Mon Apr 06 22:27:31 PDT 2009
Cristinellaa,"""night at the museum""",Mon Apr 06 22:27:34 PDT 2009
MzJill,"""night at the museum""",Mon Apr 06 22:27:35 PDT 2009
Lynn_Sky,"""night at the museum""",Mon Apr 06 22:27:45 PDT 2009
bobster56,"""night at the museum""",Mon Apr 06 22:27:45 PDT 2009
jordanforeman,"""night at the museum""",Mon Apr 06 22:27:55 PDT 2009
britree,"""night at the museum""",Mon Apr 06 22:27:56 PDT 2009
jellz,"""night at the museum""",Mon Apr 06 22:27:56 PDT 2009
droherty,"""night at the museum""",Mon Apr 06 22:27:57 PDT 2009
sarahbrooke,"""night at the museum""",Mon Apr 06 22:28:02 PDT 2009
jeremyempire,"""night at the museum""",Mon Apr 06 22:28:03 PDT 2009
MirandaClues,"""night at the museum""",Mon Apr 06 22:28:04 PDT 2009
RGuad08,"""night at the museum""",Mon Apr 06 22:28:05 PDT 2009
xshallsx,"""night at the museum""",Mon Apr 06 22:28:07 PDT 2009
EconomyUpdates,gm,Mon Apr 06 22:28:09 PDT 2009
mshbrown,gm,Mon Apr 06 22:28:11 PDT 2009
misschris62,gm,Mon Apr 06 22:28:11 PDT 2009
artbynemo,gm,Mon Apr 06 22:28:15 PDT 2009
windhamgirl,time warner,Mon Apr 06 22:28:18 PDT 2009
mmmPi,time warner,Mon Apr 06 22:28:21 PDT 2009
NDEddieMac,time warner,Mon Apr 06 22:28:23 PDT 2009
yourboysdot,time warner,Mon Apr 06 22:28:24 PDT 2009
Shazzainla,time warner,Mon Apr 06 22:28:24 PDT 2009
dstalk,time warner,Mon Apr 06 22:28:26 PDT 2009
ernestalfonso,time warner,Mon Apr 06 22:28:26 PDT 2009
kaaatiee,time warner,Mon Apr 06 22:28:33 PDT 2009
JasonNegron,time warner,Mon Apr 06 22:28:32 PDT 2009
elphabablue,time warner,Mon Apr 06 22:28:32 PDT 2009
gabe_rp,time warner,Mon Apr 06 22:28:38 PDT 2009
JoeyCircles,time warner,Mon Apr 06 22:28:38 PDT 2009
ScooPost,time warner,Mon Apr 06 22:28:45 PDT 2009
adamjleach,time warner,Mon Apr 06 22:28:48 PDT 2009
HYPHYROCKSTAR,china,Mon Apr 06 22:28:51 PDT 2009
BreakingBizNews,china,Mon Apr 06 22:30:34 PDT 2009
myfoxdc,china,Mon Apr 06 22:30:34 PDT 2009
drlombardo,china,Mon Apr 06 22:30:45 PDT 2009
sinostream,gm,Mon Apr 06 22:30:50 PDT 2009
hammerauto,gm,Mon Apr 06 22:30:54 PDT 2009
scoralli,surgery,Mon Apr 06 22:30:55 PDT 2009
sardonnica,dentist,Mon Apr 06 22:30:56 PDT 2009
BChasnov,dentist,Mon Apr 06 22:31:05 PDT 2009
LILJIZZEL,dentist,Mon Apr 06 22:31:09 PDT 2009
giz2000,dentist,Mon Apr 06 22:31:15 PDT 2009
cmonaussiecmon,dentist,Mon Apr 06 22:31:18 PDT 2009
sorayabouby,dentist,Mon Apr 06 22:31:29 PDT 2009
jeffreymodest,dentist,Mon Apr 06 22:31:31 PDT 2009
yowneh,dentist,Mon Apr 06 22:31:37 PDT 2009
CWilliams_Rltr,dentist,Mon Apr 06 22:31:35 PDT 2009
SimpleManJess,baseball,Mon Apr 06 22:31:40 PDT 2009
H3LLGWAR,baseball,Mon Apr 06 22:31:41 PDT 2009
LouisvilleGrads,baseball,Mon Apr 06 22:31:43 PDT 2009
SwainFamily,sony,Mon Apr 06 22:31:45 PDT 2009
neeeelia,safeway,Mon Apr 06 22:31:48 PDT 2009
ryanlipert,safeway,Mon Apr 06 22:31:50 PDT 2009
evan,safeway,Mon Apr 06 22:31:54 PDT 2009
ronjon,safeway,Mon Apr 06 22:31:56 PDT 2009
missleigh,safeway,Mon Apr 06 22:31:57 PDT 2009
SharkKMV,safeway,Mon Apr 06 22:31:59 PDT 2009
bosZmom,safeway,Mon Apr 06 22:32:02 PDT 2009
penlynwilson,safeway,Mon Apr 06 22:32:06 PDT 2009
mobileadgirl,safeway,Mon Apr 06 22:32:12 PDT 2009
phantomzangel,safeway,Mon Apr 06 22:32:16 PDT 2009
BreezB,safeway,Mon Apr 06 22:32:20 PDT 2009
nonstopdiets,eating,Mon Apr 06 22:32:22 PDT 2009
janelleshanks,eating,Mon Apr 06 22:32:23 PDT 2009
hanaho,eating,Mon Apr 06 22:32:28 PDT 2009
Fiel,eating,Mon Apr 06 22:32:28 PDT 2009
aaindefenzo,eating,Mon Apr 06 22:32:30 PDT 2009
CrownRoyal8,nike,Mon Apr 06 22:32:31 PDT 2009
MrGQ,nike,Mon Apr 06 22:32:36 PDT 2009
ngngfrancis,nike,Mon Apr 06 22:32:35 PDT 2009
mikelongden,nike,Mon Apr 06 22:32:38 PDT 2009
imgsearch,jquery,Mon Apr 06 22:32:40 PDT 2009
teagone,jquery,Mon Apr 06 22:32:50 PDT 2009
marcroberts,jquery,Mon Apr 06 22:32:51 PDT 2009
jacobrothstein,jquery,Mon Apr 06 22:32:54 PDT 2009
bedroomation,jquery,Mon Apr 06 22:32:58 PDT 2009
vmkobs,jquery,Mon Apr 06 22:33:00 PDT 2009
NewTechBooks,jquery,Mon Apr 06 22:33:01 PDT 2009
adthomas3,warren buffet,Mon Apr 06 22:33:11 PDT 2009
Alfred04654,warren buffet,Mon Apr 06 22:33:13 PDT 2009
LovelyMiska,warren buffet,Mon Apr 06 22:33:13 PDT 2009
adamgilmer,warren buffet,Mon Apr 06 22:33:16 PDT 2009
PatfaceCatface,notre dame school,Mon Apr 06 22:33:20 PDT 2009
MY_NBA_PLAYOFFS,notre dame school,Mon Apr 06 22:33:21 PDT 2009
rachaelbender,kindle2,Mon Apr 06 22:33:25 PDT 2009
aqrinc,kindle2,Mon Apr 06 22:33:31 PDT 2009
davepurcell,time warner,Mon Apr 06 22:33:32 PDT 2009
MarleyLuv26,time warner,Mon Apr 06 22:33:32 PDT 2009
acomicbookgirl,time warner,Mon Apr 06 22:33:34 PDT 2009
MichelleEReagan,time warner,Mon Apr 06 22:33:35 PDT 2009
jpaje11,time warner,Mon Apr 06 22:33:35 PDT 2009
JessSlevin,time warner,Mon Apr 06 22:33:44 PDT 2009
jworthington,federer,Mon Apr 06 22:35:29 PDT 2009
R0B3rt2,"""naive bayes""",Mon Apr 06 22:35:29 PDT 2009
TammyT,stanford,Mon Apr 06 22:35:31 PDT 2009
elliottng,stanford,Mon Apr 06 22:35:31 PDT 2009
Shibuki_kun,stanford,Mon Apr 06 22:35:35 PDT 2009
painhatelove,car warranty call,Mon Apr 06 22:35:36 PDT 2009
russdavisdotcom,car warranty call,Mon Apr 06 22:35:40 PDT 2009
jamesmakeseyes,at&t,Mon Apr 06 22:35:40 PDT 2009
mikeyil,at&t,Mon Apr 06 22:35:41 PDT 2009
nakiasmile,at&t,Mon Apr 06 22:35:43 PDT 2009
wiiskey,at&t,Mon Apr 06 22:35:44 PDT 2009
brkd,at&t,Mon Apr 06 22:35:46 PDT 2009
jesusmbaez,at&t,Mon Apr 06 22:35:46 PDT 2009
ClaystationX,at&t,Mon Apr 06 22:35:51 PDT 2009
matthewphewes,at&t,Mon Apr 06 22:35:50 PDT 2009
chelseabot,at&t,Mon Apr 06 22:35:50 PDT 2009
girgely,wave sandbox,Mon Apr 06 22:35:50 PDT 2009
StrategisAdv,bing,Mon Apr 06 22:35:51 PDT 2009
fabulousaura,summize,Mon Apr 06 22:35:51 PDT 2009
drylight,google,Mon Apr 06 22:35:52 PDT 2009
ManiKarthik,google,Mon Apr 06 22:35:56 PDT 2009
jhall515,kindle2,Mon Apr 06 22:35:59 PDT 2009
HappyWino,kindle2,Mon Apr 06 22:35:59 PDT 2009
Teaguem2005,kindle2,Mon Apr 06 22:36:02 PDT 2009
dailysourcedev,aig,Mon Apr 06 22:36:03 PDT 2009
gandhirama,twitter,Mon Apr 06 22:36:06 PDT 2009
delpop,twitter,Mon Apr 06 22:36:06 PDT 2009
lingbellbell,obama,Mon Apr 06 22:36:10 PDT 2009
motsandco,obama,Mon Apr 06 22:36:15 PDT 2009
mickou,obama,Mon Apr 06 22:36:16 PDT 2009
meggentile,obama,Mon Apr 06 22:36:19 PDT 2009
failness,obama,Mon Apr 06 22:36:20 PDT 2009
kledy,obama,Mon Apr 06 22:36:26 PDT 2009
LaurelEdelstein,obama,Mon Apr 06 22:36:27 PDT 2009
chelseabigass,lebron,Mon Apr 06 22:36:33 PDT 2009
Smitty478,lebron,Mon Apr 06 22:36:38 PDT 2009
PurpleGorillaZz,lebron,Mon Apr 06 22:36:39 PDT 2009
MsStacha,lebron,Mon Apr 06 22:36:51 PDT 2009
undefeated310,lebron,Mon Apr 06 22:36:52 PDT 2009
BI_POLAROID,lebron,Mon Apr 06 22:36:54 PDT 2009
IAmNoeAngel,lebron,Mon Apr 06 22:37:03 PDT 2009
ksmedia,lebron,Mon Apr 06 22:37:04 PDT 2009
PrEttIBoIGaRy,lebron,Mon Apr 06 22:37:07 PDT 2009
kellan38,lebron,Mon Apr 06 22:37:16 PDT 2009
LovelyMiska,aig,Mon Apr 06 22:20:00 PDT 2009
jsincere150,world cup,Mon Apr 06 22:37:22 PDT 2009
biren,world cup 2010,Mon Apr 06 22:37:23 PDT 2009
DoAndroidsDream,fred wilson,Mon Apr 06 22:37:26 PDT 2009
Moc5085,"""booz allen""",Mon Apr 06 22:37:36 PDT 2009
citizenofindia,indian election,Mon Apr 06 22:37:35 PDT 2009
Melonze,kindle2,Mon Apr 06 22:37:40 PDT 2009
SPReviews,kindle2,Mon Apr 06 22:37:41 PDT 2009
ha_nobita,40d,Mon Apr 06 22:37:41 PDT 2009
Jen2Squared,40d,Mon Apr 06 22:37:44 PDT 2009
LovelyMiska,Danny Gokey,Mon Apr 06 22:20:00 PDT 2009
__new,india election,Mon Apr 06 22:37:46 PDT 2009
BillVick,google,Mon Apr 06 22:37:46 PDT 2009
xmikeflhxcx,itchy,Mon Apr 06 22:37:49 PDT 2009
Timl9068,itchy,Mon Apr 06 22:37:57 PDT 2009
PassionModel,stanford,Mon Apr 06 22:37:59 PDT 2009
TechUpdater,stanford,Mon Apr 06 22:38:04 PDT 2009
robotickilldozr,lyx,Mon Apr 06 22:38:04 PDT 2009
TheDALiSiA,Danny Gokey,Mon Apr 06 22:38:04 PDT 2009
fashion_retweet,Danny Gokey,Mon Apr 06 22:38:08 PDT 2009
angelkim17,Danny Gokey,Mon Apr 06 22:38:14 PDT 2009
download11,gm,Mon Apr 06 22:38:18 PDT 2009
nichole17,sleep,Mon Apr 06 22:38:20 PDT 2009
xstaylor,san francisco,Mon Apr 06 22:38:20 PDT 2009
miwahh,san francisco,Mon Apr 06 22:38:20 PDT 2009
bKnapp,san francisco,Mon Apr 06 22:38:24 PDT 2009
rayceja,san francisco,Mon Apr 06 22:38:26 PDT 2009
deepikaC,san francisco,Mon Apr 06 22:38:30 PDT 2009
kaaslaw,aig,Mon Apr 06 22:38:28 PDT 2009
Pgobb,star trek,Mon Apr 06 22:38:32 PDT 2009
qrboy85,star trek,Mon Apr 06 22:38:37 PDT 2009
LovelyMiska,itchy,Mon Apr 06 22:20:00 PDT 2009
adamrisser,star trek,Mon Apr 06 22:38:39 PDT 2009
GoodPhoenix,Malcolm Gladwell,Mon Apr 06 22:38:44 PDT 2009
silentcarto,Malcolm Gladwell,Mon Apr 06 22:40:15 PDT 2009
kerrrrrr,Malcolm Gladwell,Mon Apr 06 22:40:18 PDT 2009
bling_crosby,Malcolm Gladwell,Mon Apr 06 22:40:20 PDT 2009
ripplemdk,Malcolm Gladwell,Mon Apr 06 22:40:24 PDT 2009
drewlew34,Malcolm Gladwell,Mon Apr 06 22:40:24 PDT 2009
MrsGinobili,comcast,Mon Apr 06 22:40:26 PDT 2009
stormygirl223,comcast,Mon Apr 06 22:40:30 PDT 2009
theZoctor,comcast,Mon Apr 06 22:40:33 PDT 2009
motkeps,comcast,Mon Apr 06 22:40:36 PDT 2009
YouAnswer,"""twitter api""",Mon Apr 06 22:40:38 PDT 2009
marekdsi,"""twitter api""",Mon Apr 06 22:40:43 PDT 2009
mikecane,"""twitter api""",Mon Apr 06 22:40:40 PDT 2009
trivektor,"""twitter api""",Mon Apr 06 22:40:48 PDT 2009
rdoc420,"""twitter api""",Mon Apr 06 22:41:07 PDT 2009
Hot_Tweets,"""twitter api""",Mon Apr 06 22:41:06 PDT 2009
jeffswhite,wolfram alpha,Mon Apr 06 22:41:09 PDT 2009
marriop,wolfram alpha,Mon Apr 06 22:41:15 PDT 2009
kewpiezmom,nike,Mon Apr 06 22:41:16 PDT 2009
Chet_Lemon,nike,Mon Apr 06 22:41:19 PDT 2009
sneakerfiles,nike,Mon Apr 06 22:41:20 PDT 2009
nikeblog,nike,Mon Apr 06 22:41:20 PDT 2009
laurenornot,nike,Mon Apr 06 22:41:22 PDT 2009
julieules,shoreline amphitheatre,Mon Apr 06 22:41:25 PDT 2009
gux_kung,weka,Mon Apr 06 22:41:27 PDT 2009
GrfxGuru,50d,Mon Apr 06 22:41:29 PDT 2009
joelgoodman,50d,Mon Apr 06 22:41:29 PDT 2009
trevorcgibson,50d,Mon Apr 06 22:41:33 PDT 2009
ashpeckham,50d,Mon Apr 06 22:41:36 PDT 2009
davidivins,lambda calculus,Mon Apr 06 22:41:52 PDT 2009
SCSanFrancisco,east palo alto,Mon Apr 06 22:41:51 PDT 2009
nfarzan,east palo alto,Mon Apr 06 22:41:54 PDT 2009
tylerlin,stanford,Mon Apr 06 22:41:54 PDT 2009
souleaterjh,stanford,Mon Apr 06 22:41:54 PDT 2009
MbaAdmission,stanford,Mon Apr 06 22:41:55 PDT 2009
narain,stanford,Mon Apr 06 22:41:56 PDT 2009
JuanGir,lakers,Mon Apr 06 22:41:57 PDT 2009
Alexi_G,lakers,Mon Apr 06 22:41:59 PDT 2009
one_eighteen,north korea,Mon Apr 06 22:42:00 PDT 2009
FOLKTALE09,north korea,Mon Apr 06 22:42:07 PDT 2009
Mvsic,north korea,Mon Apr 06 22:42:06 PDT 2009
CFURNAROS,pelosi,Mon Apr 06 22:42:08 PDT 2009
Rachael90210,pelosi,Mon Apr 06 22:42:10 PDT 2009
TylerSchmidt,pelosi,Mon Apr 06 22:42:18 PDT 2009
KayJay_x,insects,Mon Apr 06 22:42:19 PDT 2009
BecCrew,insects,Mon Apr 06 22:42:22 PDT 2009
euthanasia86,insects,Mon Apr 06 22:42:28 PDT 2009
connlocks,mcdonalds,Mon Apr 06 22:42:28 PDT 2009
MamiYessi,mcdonalds,Mon Apr 06 22:42:30 PDT 2009
Yuleineeee,mcdonalds,Mon Apr 06 22:42:30 PDT 2009
XrachulX,mcdonalds,Mon Apr 06 22:42:32 PDT 2009
xKimmelie,exam,Mon Apr 06 22:42:37 PDT 2009
laulaulauren,exam,Mon Apr 06 22:42:47 PDT 2009
elllllen,exam,Mon Apr 06 22:42:49 PDT 2009
LPSsports43,cheney,Mon Apr 06 22:42:51 PDT 2009
joahs,cheney,Mon Apr 06 22:42:49 PDT 2009
paulobsf,mashable,Mon Apr 06 22:42:56 PDT 2009
christinerose,mashable,Mon Apr 06 22:42:59 PDT 2009
cfbloggers,jquery book,Mon Apr 06 22:43:06 PDT 2009
pdelsignore,jquery book,Mon Apr 06 22:43:12 PDT 2009
bskatz,goodby silverstein,Mon Apr 06 22:43:15 PDT 2009
sc0ttman,goodby silverstein,Mon Apr 06 22:43:17 PDT 2009
designplay,goodby silverstein,Mon Apr 06 22:43:18 PDT 2009
Drisgill,g2,Mon Apr 06 22:43:23 PDT 2009
DearJellyHiJely,g2,Mon Apr 06 22:43:22 PDT 2009
itamarw,g2,Mon Apr 06 22:43:26 PDT 2009
daynah,googleio,Mon Apr 06 22:43:29 PDT 2009
jackdaniels08,googleio,Mon Apr 06 22:43:31 PDT 2009
alpheus1,googleio,Mon Apr 06 22:43:38 PDT 2009
joshgammon,viral marketing,Mon Apr 06 22:43:42 PDT 2009
KatyWheatley1,hitler,Mon Apr 06 22:43:43 PDT 2009
TiffanyBakker,"""night at the museum""",Mon Apr 06 22:43:44 PDT 2009
kezzumz,"""night at the museum""",Mon Apr 06 22:43:46 PDT 2009
bodhibuggy,"""night at the museum""",Mon Apr 06 22:43:48 PDT 2009
HistoryLuV3R,"""night at the museum""",Mon Apr 06 22:43:49 PDT 2009
ErcDrso,"""night at the museum""",Mon Apr 06 22:43:54 PDT 2009
aykataoka,"""night at the museum""",Mon Apr 06 22:44:34 PDT 2009
Bcapote,"""night at the museum""",Mon Apr 06 22:44:48 PDT 2009
crikket_churps,"""night at the museum""",Mon Apr 06 22:44:52 PDT 2009
tish_tish,"""night at the museum""",Mon Apr 06 22:44:57 PDT 2009
Lilimich,"""night at the museum""",Mon Apr 06 22:45:05 PDT 2009
stealing_second,"""night at the museum""",Mon Apr 06 22:45:08 PDT 2009
Pas_de_Cheval,"""night at the museum""",Mon Apr 06 22:45:10 PDT 2009
lloydnelson,gm,Mon Apr 06 22:45:13 PDT 2009
overthrow,gm,Mon Apr 06 22:45:22 PDT 2009
economywire,gm,Mon Apr 06 22:45:29 PDT 2009
tradecruz,gm,Mon Apr 06 22:45:31 PDT 2009
ZendoDeb,gm,Mon Apr 06 22:45:33 PDT 2009
rbmshow,gm,Mon Apr 06 22:45:37 PDT 2009
Ash_Craigslist,gm,Mon Apr 06 22:45:40 PDT 2009
BarackProblema,gm,Mon Apr 06 22:45:44 PDT 2009
ericdano,gm,Mon Apr 06 22:45:46 PDT 2009
tradecruz,gm,Mon Apr 06 22:45:47 PDT 2009
ktsophie,gm,Mon Apr 06 22:45:51 PDT 2009
nicolemg415,gm,Mon Apr 06 22:45:53 PDT 2009
ProofofVenom,time warner,Mon Apr 06 22:45:54 PDT 2009
flywire,time warner,Mon Apr 06 22:46:14 PDT 2009
batchoutlost,time warner,Mon Apr 06 22:46:16 PDT 2009
floatingatoll,time warner,Mon Apr 06 22:46:20 PDT 2009
kippy2,time warner,Mon Apr 06 22:46:24 PDT 2009
iamtony,time warner,Mon Apr 06 22:46:22 PDT 2009
dcwhip,time warner,Mon Apr 06 22:46:24 PDT 2009
JustGLB,time warner,Mon Apr 06 22:46:27 PDT 2009
chaneykyoto,time warner,Mon Apr 06 22:46:32 PDT 2009
ldmullen,time warner,Mon Apr 06 22:46:36 PDT 2009
JohnTurlington,time warner,Mon Apr 06 22:46:40 PDT 2009
johnscleary,time warner,Mon Apr 06 22:46:44 PDT 2009
ecormany,time warner,Mon Apr 06 22:46:48 PDT 2009
matsonj,time warner,Mon Apr 06 22:46:53 PDT 2009
YildirimNews,china,Mon Apr 06 22:46:55 PDT 2009
zedomax,china,Mon Apr 06 22:46:57 PDT 2009
theprovince,gm,Mon Apr 06 22:47:05 PDT 2009
PeteHall,gm,Mon Apr 06 22:47:22 PDT 2009
ram_zone,gm,Mon Apr 06 22:47:21 PDT 2009
irishyanks,yankees,Mon Apr 06 22:47:28 PDT 2009
Erinthebigsis,dentist,Mon Apr 06 22:47:32 PDT 2009
cassieeeelove,dentist,Mon Apr 06 22:47:40 PDT 2009
johnnyt183,dentist,Mon Apr 06 22:47:41 PDT 2009
b_bassi,dentist,Mon Apr 06 22:47:56 PDT 2009
cmg11,dentist,Mon Apr 06 22:47:58 PDT 2009
arianaflyy,dentist,Mon Apr 06 22:48:00 PDT 2009
jettellis,dentist,Mon Apr 06 22:48:00 PDT 2009
AdiOpERsOcoM,dentist,Mon Apr 06 22:48:02 PDT 2009
HallofChampions,baseball,Mon Apr 06 22:48:02 PDT 2009
SimpleManJess,baseball,Mon Apr 06 22:48:03 PDT 2009
Oregon_Live,baseball,Mon Apr 06 22:48:04 PDT 2009
AirDye,safeway,Mon Apr 06 22:48:08 PDT 2009
csquaredx,safeway,Mon Apr 06 22:48:10 PDT 2009
XPhile1908,safeway,Mon Apr 06 22:48:13 PDT 2009
LaurenAmor,safeway,Mon Apr 06 22:48:14 PDT 2009
TravisJensenSF,safeway,Mon Apr 06 22:48:17 PDT 2009
Lovely_Lauren,safeway,Mon Apr 06 22:48:19 PDT 2009
fugface85,safeway,Mon Apr 06 22:48:23 PDT 2009
_JessicaJOY,safeway,Mon Apr 06 22:48:32 PDT 2009
mobileadgirl,safeway,Mon Apr 06 22:48:32 PDT 2009
m_marchesi,driving,Mon Apr 06 22:48:34 PDT 2009
TheDebtress,eating,Mon Apr 06 22:48:35 PDT 2009
face_of_boe,eating,Mon Apr 06 22:48:37 PDT 2009
LaraAvni,eating,Mon Apr 06 22:48:38 PDT 2009
elpasira,eating,Mon Apr 06 22:48:42 PDT 2009
Fitness_101,eating,Mon Apr 06 22:48:48 PDT 2009
ohmurder,eating,Mon Apr 06 22:48:50 PDT 2009
whoaoblivious,eating,Mon Apr 06 22:48:53 PDT 2009
stefanjos,nike,Mon Apr 06 22:48:54 PDT 2009
nsborg,nike,Mon Apr 06 22:49:51 PDT 2009
marieforleo,nike,Mon Apr 06 22:49:55 PDT 2009
imflashy,nike,Mon Apr 06 22:49:55 PDT 2009
TheGlossMagazin,nike,Mon Apr 06 22:49:57 PDT 2009
MiniGreek,nike,Mon Apr 06 22:49:58 PDT 2009
TracySuter,nike,Mon Apr 06 22:50:03 PDT 2009
TobyJuanKenobi,jquery,Mon Apr 06 22:50:11 PDT 2009
inBlogs,jquery,Mon Apr 06 22:50:17 PDT 2009
vmkobs,jquery,Mon Apr 06 22:50:19 PDT 2009
ghurson,jquery,Mon Apr 06 22:50:28 PDT 2009
5x1llz,jquery,Mon Apr 06 22:50:34 PDT 2009
bryall,jquery,Mon Apr 06 22:50:43 PDT 2009
vmkobs,jquery,Mon Apr 06 22:50:48 PDT 2009
maheshcha,jquery,Mon Apr 06 22:50:49 PDT 2009
MyBenchmarkMtg,warren buffet,Mon Apr 06 22:50:51 PDT 2009
PragCapitalist,warren buffet,Mon Apr 06 22:50:58 PDT 2009
SmartMouthBroad,warren buffet,Mon Apr 06 22:51:00 PDT 2009
goncalol,warren buffet,Mon Apr 06 22:51:13 PDT 2009
BobtheRobot,notre dame school,Mon Apr 06 22:51:14 PDT 2009
Hittman,time warner,Mon Apr 06 22:51:17 PDT 2009
aiban,federer,Mon Apr 06 22:51:19 PDT 2009
nyctimes,kindle2,Mon Apr 06 22:51:24 PDT 2009
k8tb52,kindle2,Mon Apr 06 22:51:25 PDT 2009
taylorcarrigan,at&t,Mon Apr 06 22:51:26 PDT 2009
susanjane,at&t,Mon Apr 06 22:51:27 PDT 2009
stick08,at&t,Mon Apr 06 22:51:33 PDT 2009
CaptainCraigos,at&t,Mon Apr 06 22:51:34 PDT 2009
iPhoneFuzzball,at&t,Mon Apr 06 22:51:34 PDT 2009
itsolivia,at&t,Mon Apr 06 22:51:40 PDT 2009
kyrabeckf,wave sandbox,Mon Apr 06 22:51:44 PDT 2009
auxesis,summize,Mon Apr 06 22:51:46 PDT 2009
deedeewarren,kindle2,Mon Apr 06 22:51:48 PDT 2009
RogerSPress,kindle2,Mon Apr 06 22:51:49 PDT 2009
kmozena,kindle2,Mon Apr 06 22:51:50 PDT 2009
Jesssssii,iphone app,Mon Apr 06 22:51:51 PDT 2009
jimhong,kindle2,Mon Apr 06 22:51:52 PDT 2009
Ant_Ward,kindle2,Mon Apr 06 22:51:53 PDT 2009
popitlockit,google,Mon Apr 06 22:51:59 PDT 2009
FionaSarah,visa card,Mon Apr 06 22:52:07 PDT 2009
MalloryRayne,visa card,Mon Apr 06 22:52:06 PDT 2009
_abi_,visa card,Mon Apr 06 22:52:11 PDT 2009
sfkerropi6,Bobby Flay,Mon Apr 06 22:52:13 PDT 2009
tessalau,Bobby Flay,Mon Apr 06 22:52:19 PDT 2009
ZFilth,Bobby Flay,Mon Apr 06 22:52:18 PDT 2009
annieblane,Bobby Flay,Mon Apr 06 22:52:21 PDT 2009
LAURAcBRYAN,Bobby Flay,Mon Apr 06 22:52:23 PDT 2009
NathanChalmers,latex,Mon Apr 06 22:52:25 PDT 2009
LoonyLongbottom,latex,Mon Apr 06 22:52:27 PDT 2009
QuadError,latex,Mon Apr 06 22:52:31 PDT 2009
musicmuse,iran,Mon Apr 06 22:52:38 PDT 2009
sketoaks,iran,Mon Apr 06 22:52:39 PDT 2009
jamespenycate,iran,Mon Apr 06 22:52:42 PDT 2009
boardcentral,aapl,Mon Apr 06 22:52:40 PDT 2009
JimFacey,Bobby Flay,Mon Apr 06 22:52:44 PDT 2009
wetfishdesigns,Bobby Flay,Mon Apr 06 22:52:47 PDT 2009
A_TALL_BLONDE,Bobby Flay,Mon Apr 06 22:52:50 PDT 2009
rooney_tunes,latex,Mon Apr 06 22:52:50 PDT 2009
roguemovement,latex,Mon Apr 06 22:52:51 PDT 2009
yomcat,latex,Mon Apr 06 22:52:56 PDT 2009
proggit,latex,Mon Apr 06 22:52:59 PDT 2009
sam33r,latex,Mon Apr 06 22:53:04 PDT 2009
iamtheonlyjosie,latex,Mon Apr 06 22:53:06 PDT 2009
plutopup7,iran,Mon Apr 06 22:53:14 PDT 2009
captain_pete,iran,Mon Apr 06 22:53:15 PDT 2009
princezzcutz,kindle2,Mon Apr 06 22:56:37 PDT 2009
rooney_tunes,kindle2,Mon Apr 06 22:54:50 PDT 2009
wetfishdesigns,kindle2,Mon Apr 06 22:52:20 PDT 2009
ghurson,latex,Mon Apr 06 22:40:28 PDT 2009
5x1llz,federer,Mon Apr 06 22:55:34 PDT 2009
bryall,latex,Mon Apr 06 22:56:43 PDT 2009
aykataoka,gm,Mon Apr 06 22:54:34 PDT 2009
Bcapote,latex,Mon Apr 06 22:52:48 PDT 2009
crikket_churps,kindle2,Mon Apr 06 22:50:52 PDT 2009
ZendoDeb,time warner,Mon Apr 06 22:46:33 PDT 2009
rbmshow,time warner,Mon Apr 06 22:45:52 PDT 2009
Ash_Craigslist,time warner,Mon Apr 06 22:45:49 PDT 2009
BarackProblema,time warner,Mon Apr 06 22:45:41 PDT 2009
XPhile1908,baseball,Mon Apr 06 22:48:19 PDT 2009
LaurenAmor,baseball,Mon Apr 06 22:48:20 PDT 2009
TravisJensenSF,baseball,Mon Apr 06 22:48:27 PDT 2009
Lovely_Lauren,driving,Mon Apr 06 22:48:29 PDT 2009
fugface85,driving,Mon Apr 06 22:48:33 PDT 2009
sportsgirl505,obama,Mon Apr 06 22:24:28 PDT 2009
MatrixSystems,obama,Mon Apr 06 22:25:30 PDT 2009
cadburysgirl,obama,Mon Apr 06 22:26:35 PDT 2009
AddictedToFresh,obama,Mon Apr 06 22:23:41 PDT 2009
coreysmbpro,obama,Mon Apr 06 22:23:42 PDT 2009
PRolivia,obama,Mon Apr 06 22:23:45 PDT 2009
cadburysgirl,kindle2,Mon Apr 06 22:23:44 PDT 2009
AddictedToFresh,kindle2,Mon Apr 06 22:23:50 PDT 2009
coreysmbpro,kindle2,Mon Apr 06 22:23:53 PDT 2009
Native_01,obama,Mon Apr 06 22:20:38 PDT 2009
princezzcutz,obama,Mon Apr 06 22:20:41 PDT 2009
peterlikewhat,obama,Mon Apr 06 22:20:48 PDT 2009
